INSERT INTO Department (department_id, department_name, department_head_id, contact_number, office_location, creation_date) VALUES
(1, 'Water Supply & Sanitation', NULL, '079-23250001', 'Block A, Municipal Bhavan, Gandhinagar', '2010-04-01'),
(2, 'Roads & Infrastructure', NULL, '079-23250002', 'Block B, Municipal Bhavan, Gandhinagar', '2010-04-01'),
(3, 'Electricity & Smart Grid', NULL, '079-23250003', 'Block C, Municipal Bhavan, Gandhinagar', '2012-06-15'),
(4, 'Solid Waste Management', NULL, '079-23250004', 'Block D, Municipal Bhavan, Gandhinagar', '2013-09-01'),
(5, 'Urban Planning & Development', NULL, '079-23250005', 'Block E, Municipal Bhavan, Gandhinagar', '2015-01-10'),
(6, 'Health & Sanitation', NULL, '079-23250006', 'Block F, Municipal Bhavan, Gandhinagar', '2016-03-01'),
(7, 'Parks & Recreation', NULL, '079-23250007', 'Block G, Municipal Bhavan, Gandhinagar', '2017-07-01'),
(8, 'Fire & Emergency Services', NULL, '079-23250008', 'Block H, Municipal Bhavan, Gandhinagar', '2011-01-15'),
(9, 'Smart City Operations', NULL, '079-23250009', 'Block I, Municipal Bhavan, Gandhinagar', '2018-09-10'),
(10, 'Revenue & Taxation', NULL, '079-23250010', 'Block J, Municipal Bhavan, Gandhinagar', '2010-04-01');

INSERT INTO Officer (officer_id, first_name, last_name, designation, department_id, mobile_number, email, joining_date, employment_status) VALUES
(101, 'Rajesh', 'Patel', 'Chief Engineer', 1, '9876543201', 'rajesh.patel@urbannexus.gov.in', '2011-03-15', 'Active'),
(102, 'Meena', 'Sharma', 'Deputy Commissioner', 2, '9876543202', 'meena.sharma@urbannexus.gov.in', '2013-07-01', 'Active'),
(103, 'Amit', 'Desai', 'Electrical Superintendent', 3, '9876543203', 'amit.desai@urbannexus.gov.in', '2014-02-20', 'Active'),
(104, 'Priya', 'Nair', 'Sanitation Officer', 4, '9876543204', 'priya.nair@urbannexus.gov.in', '2016-11-05', 'Active'),
(105, 'Suresh', 'Iyer', 'Town Planner', 5, '9876543205', 'suresh.iyer@urbannexus.gov.in', '2018-04-12', 'Active'),
(106, 'Kavita', 'Joshi', 'Health Inspector', 6, '9876543206', 'kavita.joshi@urbannexus.gov.in', '2017-06-01', 'Active'),
(107, 'Nilesh', 'Shah', 'Parks Superintendent', 7, '9876543207', 'nilesh.shah@urbannexus.gov.in', '2019-01-15', 'Active'),
(108, 'Divya', 'Mehta', 'Fire Officer', 8, '9876543208', 'divya.mehta@urbannexus.gov.in', '2015-08-20', 'Active'),
(109, 'Kiran', 'Rao', 'Smart Systems Engineer', 9, '9876543209', 'kiran.rao@urbannexus.gov.in', '2020-03-10', 'Active'),
(110, 'Bharat', 'Trivedi', 'Revenue Officer', 10, '9876543210', 'bharat.trivedi@urbannexus.gov.in', '2012-05-25', 'Active'),
(111, 'Ananya', 'Pillai', 'Junior Engineer', 1, '9876543211', 'ananya.pillai@urbannexus.gov.in', '2021-07-01', 'Active'),
(112, 'Rohan', 'Gupta', 'Road Inspector', 2, '9876543212', 'rohan.gupta@urbannexus.gov.in', '2020-09-15', 'Active');

UPDATE Department SET department_head_id = 101 WHERE department_id = 1;
UPDATE Department SET department_head_id = 102 WHERE department_id = 2;
UPDATE Department SET department_head_id = 103 WHERE department_id = 3;
UPDATE Department SET department_head_id = 104 WHERE department_id = 4;
UPDATE Department SET department_head_id = 105 WHERE department_id = 5;
UPDATE Department SET department_head_id = 106 WHERE department_id = 6;
UPDATE Department SET department_head_id = 107 WHERE department_id = 7;
UPDATE Department SET department_head_id = 108 WHERE department_id = 8;
UPDATE Department SET department_head_id = 109 WHERE department_id = 9;
UPDATE Department SET department_head_id = 110 WHERE department_id = 10;

INSERT INTO Contractor (contractor_id, contractor_name, contractor_type, email, address, license_number, registration_date, contact_person, mobile_number, status) VALUES
(201, 'Bharat Infrastructure Pvt Ltd', 'Civil', 'contact@bharatinfra.in', '14, GIDC Estate, Vatva, Ahmedabad', 'LIC-GJ-2015-0041', '2015-05-10','Rakesh Shah', '9900112201', 'Active'),
(202, 'Gujarat Power Solutions', 'Electrical', 'info@gujpower.in', '27, Industrial Zone, Naroda, Ahmedabad', 'LIC-GJ-2016-0083', '2016-08-22','Mehul Patel', '9900112202', 'Active'),
(203, 'AquaFlow Services', 'Plumbing', 'ops@aquaflow.in', '5, Chandkheda Road, Gandhinagar', 'LIC-GJ-2017-0120', '2017-03-15','Ankit Verma', '9900112203', 'Active'),
(204, 'CleanCity Waste Mgmt Ltd', 'Sanitation', 'admin@cleancity.in', '8, Sector 21, Gandhinagar', 'LIC-GJ-2018-0205', '2018-09-01','Sanjay Gupta', '9900112204', 'Active'),
(205, 'Skyline Constructions', 'Construction', 'tender@skyline.in', '3rd Floor, Navrangpura, Ahmedabad', 'LIC-GJ-2019-0311', '2019-01-20','Vikas Mehta','9900112205', 'Inactive'),
(206, 'GreenTech Landscaping', 'Landscaping', 'info@greentech.in', '22, Thaltej, Ahmedabad', 'LIC-GJ-2018-0412', '2018-04-10','Kunal Desai', '9900112206', 'Active'),
(207, 'SafeRoad Pvt Ltd', 'Road Construction', 'info@saferoad.in', '9, Ring Road, Surat', 'LIC-GJ-2017-0550', '2017-11-05', '9900112207','Harsh Trivedi', 'Active'),
(208, 'Sparks Electrical Works', 'Electrical', 'sparks@electrical.in', '31, Isanpur, Ahmedabad', 'LIC-GJ-2020-0671', '2020-02-14','Amit Joshi', '9900112208', 'Active'),
(209, 'Urban Drainage Systems', 'Civil', 'contact@urbandrain.in', '17, Odhav, Ahmedabad', 'LIC-GJ-2016-0789', '2016-06-30','Rahul Bhatt', '9900112209', 'Active'),
(210, 'Metro Civil Works', 'Civil', 'info@metrocivil.in', '45, Vastral, Ahmedabad', 'LIC-GJ-2021-0901', '2021-08-19','Deepak Parmar' '9900112210', 'Active');

INSERT INTO PublicAsset (asset_id, asset_name, asset_type, location, ward_number, installation_date, asset_condition, responsible_department_id) VALUES
(301, 'Water Pumping Station - Sector 7', 'Pumping Station', 'Sector 7, Gandhinagar', 7, '2013-06-01', 'Good', 1),
(302, 'Street Light Cluster - Sector 12', 'Street Lighting', 'Sector 12, Gandhinagar', 12, '2017-11-15', 'Good', 3),
(303, 'Road Bridge - NH-48 Connector', 'Bridge', 'NH-48 Junction, Gandhinagar', 3, '2011-03-20', 'Fair', 2),
(304, 'Solid Waste Transfer Station', 'Waste Facility', 'Sector 28, Gandhinagar', 28, '2018-07-10', 'Good', 4),
(305, 'Public Park & Garden - Sector 5', 'Park', 'Sector 5, Gandhinagar', 5, '2020-01-05', 'Excellent', 7),
(306, 'Overhead Water Tank - Sector 14', 'Water Tank', 'Sector 14, Gandhinagar', 14, '2012-04-18', 'Fair', 1),
(307, 'Sewage Treatment Plant - Zone B', 'STP', 'Zone B, Gandhinagar', 9, '2015-09-22', 'Good', 1),
(308, 'Smart Traffic Signal - Sector 3', 'Traffic Signal', 'Sector 3, Gandhinagar', 3, '2021-02-10', 'Excellent', 9),
(309, 'Fire Station Building - Sector 1', 'Fire Station', 'Sector 1, Gandhinagar', 1, '2009-05-30', 'Fair', 8),
(310, 'Road - Sector 11 Main Road', 'Road', 'Sector 11, Gandhinagar', 11, '2010-08-15', 'Poor', 2),
(311, 'Community Hall - Sector 19', 'Community Building', 'Sector 19, Gandhinagar', 19, '2016-12-01', 'Good', 5),
(312, 'Solar Panel Array - Sector 22', 'Solar Installation', 'Sector 22, Gandhinagar', 22, '2022-03-14', 'Excellent', 3),
(313, 'Playground - Sector 8', 'Park', 'Sector 8, Gandhinagar', 8, '2019-06-20', 'Good', 7),
(314, 'Water Pumping Station - Sector 18', 'Pumping Station', 'Sector 18, Gandhinagar', 18, '2014-11-09', 'Poor', 1),
(315, 'Street Light Cluster - Sector 22', 'Street Lighting', 'Sector 22, Gandhinagar', 22, '2020-07-01', 'Excellent', 3);

INSERT INTO MaintenanceSchedule (schedule_id, asset_id, scheduled_date, assigned_officer_id, status, maintenance_type) VALUES
(401, 301, '2024-02-10', 101, 'Completed', 'Routine Inspection'),
(402, 302, '2024-03-05', 103, 'Completed', 'Bulb Replacement'),
(403, 303, '2024-04-20', 102, 'Scheduled', 'Structural Assessment'),
(404, 304, '2024-05-15', 104, 'In Progress', 'Deep Cleaning'),
(405, 305, '2024-06-01', 107, 'Scheduled', 'Landscaping Overhaul'),
(406, 306, '2024-01-15', 101, 'Completed', 'Tank Cleaning'),
(407, 307, '2024-03-28', 111, 'Completed', 'Filter Replacement'),
(408, 308, '2024-05-10', 109, 'In Progress', 'Signal Calibration'),
(409, 309, '2024-02-25', 108, 'Completed', 'Fire Equipment Check'),
(410, 310, '2024-04-05', 102, 'Scheduled', 'Pothole Patching'),
(411, 311, '2024-06-18', 105, 'Scheduled', 'Electrical Rewiring'),
(412, 312, '2024-07-01', 103, 'Scheduled', 'Panel Cleaning'),
(413, 313, '2024-05-20', 107, 'In Progress', 'Equipment Repair'),
(414, 314, '2024-03-12', 101, 'Completed', 'Pump Overhaul'),
(415, 301, '2024-08-15', 111, 'Scheduled', 'Annual Servicing'),
(416, 310, '2023-11-10', 112, 'Completed', 'Crack Sealing'),
(417, 309, '2023-10-01', 108, 'Completed', 'Roof Repair');

INSERT INTO BudgetAllocation 
(budget_id, department_id, financial_year, allocated_amount, approved_by, approved_date) VALUES
(501, 1, '2024-2025', 12500000.00, 101, '2024-03-01'),
(502, 2, '2024-2025', 18000000.00, 102, '2024-03-02'),
(503, 3, '2024-2025', 9500000.00, 103, '2024-03-03'),
(504, 4, '2024-2025', 7200000.00, 104, '2024-03-04'),
(505, 5, '2024-2025', 11000000.00, 105, '2024-03-05'),
(506, 6, '2024-2025', 6800000.00, 106, '2024-03-06'),
(507, 7, '2024-2025', 4500000.00, 107, '2024-03-07'),
(508, 8, '2024-2025', 8200000.00, 108, '2024-03-08'),
(509, 9, '2024-2025', 15000000.00, 109, '2024-03-09'),
(510, 10, '2024-2025', 5500000.00, 110, '2024-03-10'),
(511, 1, '2023-2024', 11000000.00, 101, '2023-03-01'),
(512, 2, '2023-2024', 16000000.00, 102, '2023-03-02'),
(513, 3, '2023-2024', 8500000.00, 103, '2023-03-03'),
(514, 4, '2023-2024', 6500000.00, 104, '2023-03-04'),
(515, 5, '2023-2024', 10000000.00, 105, '2023-03-05');

INSERT INTO DepartmentExpense (expense_id, department_id, budget_id, expense_amount, expense_category, description, expense_date) VALUES
(601, 1, 501, 350000.00, 'Maintenance', 'Annual servicing of Sector 7 pumping station', '2024-04-10'),
(602, 2, 502, 1200000.00, 'Construction', 'Pothole repair and resurfacing of Sector 14 road', '2024-05-20'),
(603, 3, 503, 480000.00, 'Equipment', 'Replacement of faulty smart meters in Sector 12', '2024-06-01'),
(604, 4, 504, 215000.00, 'Operations', 'Fuel and vehicle maintenance for waste collection fleet', '2024-06-15'),
(605, 5, 505, 730000.00, 'Consulting', 'GIS mapping survey for new residential zones', '2024-07-05'),
(606, 6, 506, 180000.00, 'Operations', 'Disinfection drive in Sectors 6 and 7', '2024-04-22'),
(607, 7, 507, 95000.00, 'Maintenance', 'Irrigation repair in Sector 5 park', '2024-05-08'),
(608, 8, 508, 620000.00, 'Equipment', 'Purchase of two new fire tenders', '2024-06-30'),
(609, 9, 509, 2400000.00, 'Technology', 'IoT sensor deployment across 15 wards', '2024-07-15'),
(610, 10, 510, 310000.00, 'Operations', 'Tax assessment software license renewal', '2024-04-01'),
(611, 1, 501, 870000.00, 'Construction', 'New pipeline laying in Sector 18', '2024-05-30'),
(612, 2, 502, 3500000.00, 'Construction', 'NH-48 connector bridge structural repair', '2024-06-10'),
(613, 3, 503, 760000.00, 'Maintenance', 'Street light replacement in Sectors 10 to 15', '2024-07-01'),
(614, 4, 504, 430000.00, 'Equipment', 'Purchase of compactor vehicle', '2024-07-20'),
(615, 5, 505, 1850000.00, 'Consulting', 'Master plan revision consultancy', '2024-08-01'),
(616, 2, 502, 7200000.00, 'Construction', 'Sector 11 main road full reconstruction', '2024-08-25'),
(617, 1, 511, 4200000.00, 'Construction', 'Water treatment plant upgrade 2023', '2023-12-10'),
(618, 3, 513, 3100000.00, 'Equipment', 'Smart grid equipment procurement 2023', '2023-11-05'),
(619, 6, 506, 95000.00, 'Training', 'Staff training and certification program', '2024-03-15'),
(620, 7, 507, 210000.00, 'Maintenance', 'Playground equipment refurbishment Sector 8', '2024-08-10'),
(621, 1, 501, 220000.00, 'Maintenance', 'Pump motor replacement Sector 18 station', '2024-09-01'),
(622, 9, 509, 5100000.00, 'Technology', 'City surveillance camera network expansion', '2024-09-15'),
(623, 4, NULL, 85000.00, 'Operations', 'Emergency waste disposal after flood event', '2024-10-02'),
(624, 2, NULL, 125000.00, 'Maintenance', 'Emergency pothole repair after heavy rainfall', '2024-10-05'),
(625, 8, 508, 410000.00, 'Equipment', 'Firefighting protective gear procurement', '2024-10-12');

INSERT INTO Citizen (aadhaar_number, first_name, last_name, gender, date_of_birth, mobile_number, email, occupation, registration_date, status) VALUES
('234567890123', 'Arjun', 'Mehta', 'Male', '1985-03-14', '9812345601', 'arjun.mehta@gmail.com', 'Engineer', '2020-01-15', 'Active'),
('345678901234', 'Sunita', 'Rao', 'Female', '1990-07-22', '9812345602', 'sunita.rao@gmail.com', 'Teacher', '2020-02-10', 'Active'),
('456789012345', 'Vikram', 'Singh', 'Male', '1978-11-05', '9812345603', 'vikram.singh@yahoo.com', 'Business', '2019-08-20', 'Active'),
('567890123456', 'Deepa', 'Krishnan', 'Female', '1995-04-18', '9812345604', 'deepa.krishnan@gmail.com', 'Doctor', '2021-03-05', 'Active'),
('678901234567', 'Manish', 'Gupta', 'Male', '1982-09-30', '9812345605', 'manish.gupta@hotmail.com', 'Govt. Employee', '2018-11-12', 'Active'),
('789012345678', 'Rekha', 'Pandey', 'Female', '1975-06-11', '9812345606', 'rekha.pandey@gmail.com', 'Homemaker', '2019-03-20', 'Active'),
('890123456789', 'Sanjay', 'Verma', 'Male', '1988-12-25', '9812345607', 'sanjay.verma@yahoo.com', 'Lawyer', '2021-08-14', 'Active'),
('901234567890', 'Pooja', 'Sharma', 'Female', '1993-02-08', '9812345608', 'pooja.sharma@gmail.com', 'Architect', '2022-01-30', 'Active'),
('112345678901', 'Dinesh', 'Patel', 'Male', '1970-09-17', '9812345609', 'dinesh.patel@hotmail.com', 'Retired', '2018-06-05', 'Active'),
('223456789012', 'Falguni', 'Desai', 'Female', '1998-05-03', '9812345610', 'falguni.desai@gmail.com', 'Student', '2023-04-10', 'Active'),
('334567890123', 'Kamlesh', 'Trivedi', 'Male', '1965-07-29', '9812345611', 'kamlesh.trivedi@gmail.com', 'Business', '2017-09-01', 'Active'),
('445678901234', 'Hetal', 'Shah', 'Female', '1987-11-14', '9812345612', 'hetal.shah@gmail.com', 'Nurse', '2020-11-20', 'Active'),
('556789012345', 'Nikhil', 'Joshi', 'Male', '1992-04-22', '9812345613', 'nikhil.joshi@yahoo.com', 'Software Developer', '2021-05-15', 'Active'),
('667890123456', 'Bhavna', 'Chauhan', 'Female', '1983-08-30', '9812345614', 'bhavna.chauhan@gmail.com', 'Accountant', '2019-12-08', 'Active'),
('778901234567', 'Rahul', 'Modi', 'Male', '1991-01-19', '9812345615', 'rahul.modi@gmail.com', 'Pharmacist', '2022-07-22', 'Active');

INSERT INTO Household (household_id, head_aadhaar, total_members, ward_number, address_line1, pincode, address_line2, registration_date) VALUES
(701, '234567890123', 4, 7, '12, Akashdeep Society, Sector 7', '382007', 'Near Water Tank', '2020-01-15'),
(702, '345678901234', 3, 12, '45, Satyam Apartments, Sector 12', '382012', 'Opp. Primary School', '2020-02-10'),
(703, '456789012345', 5, 3, '8, Ravi Park Bungalows, Sector 3', '382003', 'Behind Post Office', '2019-08-20'),
(704, '567890123456', 2, 21, 'Flat 304, Skyline Heights, Sector 21', '382021', 'Infocity Road', '2021-03-05'),
(705, '678901234567', 6, 28, '22, Green Valley Township, Sector 28', '382028', 'Near Waste Station', '2018-11-12'),
(706, '789012345678', 5, 5, '3, Shanti Nagar, Sector 5', '382005', 'Near Park Gate', '2019-03-20'),
(707, '890123456789', 2, 14, 'Flat 101, Prestige Tower, Sector 14', '382014', 'Opp. Metro Station', '2021-08-14'),
(708, '901234567890', 3, 9, '77, Kailash Residency, Sector 9', '382009', 'Near STP', '2022-01-30'),
(709, '112345678901', 4, 11, '55, Old Colony, Sector 11', '382011', 'Main Road Side', '2018-06-05'),
(710, '223456789012', 1, 22, 'PG Hostel, Sector 22', '382022', 'Near Solar Park', '2023-04-10'),
(711, '334567890123', 7, 19, 'Plot 14, Shree Complex, Sector 19', '382019', 'Behind Community Hall', '2017-09-01'),
(712, '445678901234', 3, 8, '29, Laxmi Park, Sector 8', '382008', 'Near Playground', '2020-11-20'),
(713, '556789012345', 2, 22, 'Flat 502, Tech Park Residency, Sector 22', '382022', 'IT Hub Area', '2021-05-15'),
(714, '667890123456', 4, 14, '18, Shyam Bunglows, Sector 14', '382014', 'Near Overhead Tank', '2019-12-08'),
(715, '778901234567', 3, 7, 'Flat 201, Sunrise Apartments, Sector 7', '382007', 'Opp. Pumping Station', '2022-07-22');

INSERT INTO LOCATION (pincode, city, state) VALUES
('382007', 'Gandhinagar', 'Gujarat'),
('382012', 'Gandhinagar', 'Gujarat'),
('382003', 'Gandhinagar', 'Gujarat'),
('382021', 'Gandhinagar', 'Gujarat'),
('382028', 'Gandhinagar', 'Gujarat'),
('382005', 'Gandhinagar', 'Gujarat'),
('382014', 'Gandhinagar', 'Gujarat'),
('382009', 'Gandhinagar', 'Gujarat'),
('382011', 'Gandhinagar', 'Gujarat'),
('382022', 'Gandhinagar', 'Gujarat'),
('382019', 'Gandhinagar', 'Gujarat'),
('382008', 'Gandhinagar', 'Gujarat');

INSERT INTO Property (property_id, household_id, property_type, property_use_type, built_up_area_sqft, land_area_sqft, construction_year, zone, ward_number, property_status) VALUES
(801, 701, 'Residential', 'Self-Occupied', 1200.00, 1500.00, 2005, 'Zone-A', 7, 'Active'),
(802, 702, 'Residential', 'Rented', 850.00, 1000.00, 2010, 'Zone-B', 12, 'Active'),
(803, 703, 'Residential', 'Self-Occupied', 2400.00, 3000.00, 1998, 'Zone-A', 3, 'Active'),
(804, 704, 'Residential', 'Self-Occupied', 650.00, 650.00, 2018, 'Zone-C', 21, 'Active'),
(805, 705, 'Commercial', 'Business', 3500.00, 4000.00, 2012, 'Zone-B', 28, 'Active'),
(806, 706, 'Residential', 'Self-Occupied', 1800.00, 2200.00, 2008, 'Zone-A', 5, 'Active'),
(807, 707, 'Residential', 'Rented', 720.00, 720.00, 2019, 'Zone-C', 14, 'Active'),
(808, 708, 'Commercial', 'Business', 4200.00, 5000.00, 2015, 'Zone-B', 9, 'Active'),
(809, 709, 'Residential', 'Self-Occupied', 980.00, 1200.00, 2001, 'Zone-A', 11, 'Active'),
(810, 710, 'Residential', 'Rented', 320.00, 320.00, 2020, 'Zone-C', 22, 'Active'),
(811, 711, 'Commercial', 'Business', 6000.00, 7500.00, 2010, 'Zone-B', 19, 'Active'),
(812, 712, 'Residential', 'Self-Occupied', 1100.00, 1400.00, 2016, 'Zone-A', 8, 'Active'),
(813, 713, 'Residential', 'Self-Occupied', 900.00, 900.00, 2021, 'Zone-C', 22, 'Active'),
(814, 714, 'Residential', 'Self-Occupied', 1600.00, 2000.00, 2007, 'Zone-B', 14, 'Active'),
(815, 715, 'Residential', 'Rented', 750.00, 750.00, 2017, 'Zone-A', 7, 'Active');

INSERT INTO Ownership (ownership_id, property_id, aadhaar_number, ownership_percentage, ownership_start_date, ownership_end_date) VALUES
(901, 801, '234567890123', 100.00, '2005-06-01', NULL),
(902, 802, '345678901234', 100.00, '2010-08-15', NULL),
(903, 803, '456789012345', 70.00, '1998-12-01', NULL),
(904, 803, '678901234567', 30.00, '1998-12-01', NULL),
(905, 804, '567890123456', 100.00, '2018-03-20', NULL),
(906, 805, '678901234567', 100.00, '2012-05-10', NULL),
(907, 806, '789012345678', 100.00, '2008-09-01', NULL),
(908, 807, '890123456789', 100.00, '2019-11-15', NULL),
(909, 808, '901234567890', 50.00, '2015-06-01', NULL),
(910, 808, '112345678901', 50.00, '2015-06-01', NULL),
(911, 809, '112345678901', 100.00, '2001-03-10', NULL),
(912, 810, '223456789012', 100.00, '2020-07-01', NULL),
(913, 811, '334567890123', 100.00, '2010-01-20', NULL),
(914, 812, '445678901234', 100.00, '2016-08-25', NULL),
(915, 813, '556789012345', 100.00, '2021-06-10', NULL),
(916, 814, '667890123456', 60.00, '2007-04-01', NULL),
(917, 814, '334567890123', 40.00, '2007-04-01', NULL),
(918, 815, '778901234567', 100.00, '2017-09-30', NULL);

INSERT INTO UtilityConnection (connection_id, utility_type, property_id, connection_status, connection_date, connection_number, tariff_category) VALUES
(1001, 'Water', 801, 'Active', '2005-07-01', 'WTR-GN-2005-00781', 'Domestic'),
(1002, 'Electricity', 801, 'Active', '2005-07-01', 'ELC-GN-2005-01234', 'Domestic'),
(1003, 'Water', 802, 'Active', '2010-09-01', 'WTR-GN-2010-01450', 'Domestic'),
(1004, 'Electricity', 803, 'Active', '1998-12-15', 'ELC-GN-1998-00512', 'Domestic'),
(1005, 'Electricity', 805, 'Active', '2012-04-10', 'ELC-GN-2012-03301', 'Commercial'),
(1006, 'Water', 803, 'Active', '1998-12-15', 'WTR-GN-1998-00388', 'Domestic'),
(1007, 'Electricity', 806, 'Active', '2008-10-01', 'ELC-GN-2008-02201', 'Domestic'),
(1008, 'Water', 806, 'Active', '2008-10-01', 'WTR-GN-2008-01100', 'Domestic'),
(1009, 'Electricity', 807, 'Active', '2019-12-01', 'ELC-GN-2019-04411', 'Domestic'),
(1010, 'Water', 808, 'Active', '2015-07-01', 'WTR-GN-2015-02250', 'Commercial'),
(1011, 'Electricity', 808, 'Active', '2015-07-01', 'ELC-GN-2015-05500', 'Commercial'),
(1012, 'Water', 809, 'Active', '2001-04-01', 'WTR-GN-2001-00190', 'Domestic'),
(1013, 'Electricity', 811, 'Active', '2010-02-15', 'ELC-GN-2010-06610', 'Commercial'),
(1014, 'Water', 812, 'Active', '2016-09-10', 'WTR-GN-2016-03380', 'Domestic'),
(1015, 'Electricity', 812, 'Active', '2016-09-10', 'ELC-GN-2016-07720', 'Domestic'),
(1016, 'Electricity', 813, 'Active', '2021-07-01', 'ELC-GN-2021-08830', 'Domestic'),
(1017, 'Water', 814, 'Active', '2007-05-20', 'WTR-GN-2007-01660', 'Domestic'),
(1018, 'Electricity', 814, 'Active', '2007-05-20', 'ELC-GN-2007-09940', 'Domestic'),
(1019, 'Electricity', 815, 'Active', '2017-10-10', 'ELC-GN-2017-11100', 'Domestic'),
(1020, 'Water', 804, 'Active', '2018-04-01', 'WTR-GN-2018-04430', 'Domestic');

INSERT INTO SmartMeter (meter_id, connection_id, manufacturer, meter_serial_number, installation_date, meter_status) VALUES
(1101, 1001, 'Neptun Technologies', 'NTP-SM-2019-00123', '2019-03-10', 'Active'),
(1102, 1002, 'Secure Meters Ltd', 'SCR-SM-2020-00456', '2020-06-15', 'Active'),
(1103, 1003, 'Neptun Technologies', 'NTP-SM-2021-00789', '2021-01-20', 'Active'),
(1104, 1004, 'L&T Electrical', 'LNT-SM-2018-01122', '2018-08-05', 'Active'),
(1105, 1005, 'Havells Smart Grid', 'HVL-SM-2022-02345', '2022-02-28', 'Active'),
(1106, 1006, 'Neptun Technologies', 'NTP-SM-2019-00456', '2019-05-12', 'Active'),
(1107, 1007, 'Secure Meters Ltd', 'SCR-SM-2020-00789', '2020-08-20', 'Active'),
(1108, 1008, 'L&T Electrical', 'LNT-SM-2020-01500', '2020-09-01', 'Active'),
(1109, 1009, 'Havells Smart Grid', 'HVL-SM-2021-03010', '2021-03-15', 'Active'),
(1110, 1010, 'Honeywell Meters', 'HON-SM-2018-04400', '2018-07-22', 'Active'),
(1111, 1011, 'Honeywell Meters', 'HON-SM-2018-05510', '2018-07-22', 'Active'),
(1112, 1012, 'Neptun Technologies', 'NTP-SM-2020-00980', '2020-02-14', 'Active'),
(1113, 1013, 'Havells Smart Grid', 'HVL-SM-2022-06620', '2022-05-10', 'Active'),
(1114, 1014, 'Secure Meters Ltd', 'SCR-SM-2021-01200', '2021-06-01', 'Active'),
(1115, 1015, 'L&T Electrical', 'LNT-SM-2021-01800', '2021-06-01', 'Active');

INSERT INTO MeterReading (reading_id, meter_id, reading_value, reading_unit, reading_date, recorded_by, remarks) VALUES
(1201, 1101, 980.000, 'KL', '2024-02-28', 101, 'Normal reading'),
(1202, 1101, 1050.500, 'KL', '2024-03-31', 101, 'Normal reading'),
(1203, 1101, 1120.000, 'KL', '2024-04-30', 101, 'Normal reading'),
(1204, 1101, 1250.500, 'KL', '2024-05-31', 101, 'Normal reading'),
(1205, 1102, 720.000, 'kWh', '2024-02-28', 103, 'Normal reading'),
(1206, 1102, 780.500, 'kWh', '2024-03-31', 103, 'Normal reading'),
(1207, 1102, 820.000, 'kWh', '2024-04-30', 103, 'Normal reading'),
(1208, 1102, 874.200, 'kWh', '2024-05-31', 103, 'Normal reading'),
(1209, 1103, 530.000, 'KL', '2024-03-31', 101, 'Normal reading'),
(1210, 1103, 580.000, 'KL', '2024-04-30', 101, 'Normal reading'),
(1211, 1103, 620.750, 'KL', '2024-05-31', 101, 'Slight spike noted'),
(1212, 1104, 2800.000, 'kWh', '2024-03-31', 103, 'Normal reading'),
(1213, 1104, 2950.000, 'kWh', '2024-04-30', 103, 'Normal reading'),
(1214, 1104, 3105.000, 'kWh', '2024-05-31', 103, 'Normal reading'),
(1215, 1105, 7200.000, 'kWh', '2024-03-31', 103, 'Commercial reading'),
(1216, 1105, 8100.000, 'kWh', '2024-04-30', 103, 'Commercial reading'),
(1217, 1105, 8920.300, 'kWh', '2024-05-31', 103, 'Commercial high usage'),
(1218, 1111, 11500.000, 'kWh', '2024-03-31', 103, 'Commercial reading'),
(1219, 1111, 13200.000, 'kWh', '2024-04-30', 103, 'Commercial reading'),
(1220, 1111, 15400.000, 'kWh', '2024-05-31', 103, 'Peak commercial usage'),
(1221, 1113, 18000.000, 'kWh', '2024-03-31', 103, 'Commercial reading'),
(1222, 1113, 22000.000, 'kWh', '2024-04-30', 103, 'Very high usage'),
(1223, 1113, 27500.000, 'kWh', '2024-05-31', 103, 'Highest commercial usage');

INSERT INTO BillingRecord (bill_id, connection_id, billing_period_start, billing_period_end, previous_reading, current_reading, units_consumed, bill_amount, due_date, bill_status, late_fee, generated_date) VALUES
(1301, 1001, '2024-02-01', '2024-02-29', 910.000, 980.000, 70.000, 490.00, '2024-03-15', 'Paid', 0.00, '2024-03-01'),
(1302, 1001, '2024-03-01', '2024-03-31', 980.000, 1050.500, 70.500, 493.50, '2024-04-15', 'Paid', 0.00, '2024-04-01'),
(1303, 1001, '2024-04-01', '2024-04-30', 1050.500, 1120.000, 69.500, 486.50, '2024-05-15', 'Paid', 0.00, '2024-05-01'),
(1304, 1001, '2024-05-01', '2024-05-31', 1120.000, 1250.500, 130.500, 913.50, '2024-06-15', 'Unpaid', 0.00, '2024-06-01'),
(1305, 1002, '2024-02-01', '2024-02-29', 660.000, 720.000, 60.000, 540.00, '2024-03-15', 'Paid', 0.00, '2024-03-01'),
(1306, 1002, '2024-03-01', '2024-03-31', 720.000, 780.500, 60.500, 544.50, '2024-04-15', 'Paid', 0.00, '2024-04-01'),
(1307, 1002, '2024-04-01', '2024-04-30', 780.500, 820.000, 39.500, 355.50, '2024-05-15', 'Paid', 0.00, '2024-05-01'),
(1308, 1002, '2024-05-01', '2024-05-31', 820.000, 874.200, 54.200, 489.80, '2024-06-15', 'Paid', 0.00, '2024-06-01'),
(1309, 1003, '2024-03-01', '2024-03-31', 480.000, 530.000, 50.000, 350.00, '2024-04-15', 'Paid', 0.00, '2024-04-01'),
(1310, 1003, '2024-04-01', '2024-04-30', 530.000, 580.000, 50.000, 350.00, '2024-05-15', 'Overdue', 35.00, '2024-05-01'),
(1311, 1003, '2024-05-01', '2024-05-31', 580.000, 620.750, 40.750, 285.25, '2024-06-15', 'Unpaid', 0.00, '2024-06-01'),
(1312, 1004, '2024-03-01', '2024-03-31', 2650.000, 2800.000, 150.000, 1350.00, '2024-04-15', 'Paid', 0.00, '2024-04-01'),
(1313, 1004, '2024-04-01', '2024-04-30', 2800.000, 2950.000, 150.000, 1350.00, '2024-05-15', 'Paid', 0.00, '2024-05-01'),
(1314, 1004, '2024-05-01', '2024-05-31', 2950.000, 3105.000, 155.000, 1395.00, '2024-06-15', 'Overdue', 100.00, '2024-06-01'),
(1315, 1005, '2024-03-01', '2024-03-31', 6100.000, 7200.000, 1100.000, 17600.00, '2024-04-15', 'Paid', 0.00, '2024-04-01'),
(1316, 1005, '2024-04-01', '2024-04-30', 7200.000, 8100.000, 900.000, 14400.00, '2024-05-15', 'Paid', 0.00, '2024-05-01'),
(1317, 1005, '2024-05-01', '2024-05-31', 8100.000, 8920.300, 820.300, 13124.80, '2024-06-15', 'Paid', 0.00, '2024-06-01'),
(1318, 1007, '2024-04-01', '2024-04-30', 1800.000, 1960.000, 160.000, 1440.00, '2024-05-15', 'Paid', 0.00, '2024-05-01'),
(1319, 1007, '2024-05-01', '2024-05-31', 1960.000, 2150.000, 190.000, 1710.00, '2024-06-15', 'Unpaid', 0.00, '2024-06-01'),
(1320, 1010, '2024-04-01', '2024-04-30', 3200.000, 3800.000, 600.000, 6600.00, '2024-05-15', 'Paid', 0.00, '2024-05-01'),
(1321, 1010, '2024-05-01', '2024-05-31', 3800.000, 4500.000, 700.000, 7700.00, '2024-06-15', 'Paid', 0.00, '2024-06-01'),
(1322, 1011, '2024-03-01', '2024-03-31', 10000.000, 11500.000, 1500.000, 24000.00, '2024-04-15', 'Paid', 0.00, '2024-04-01'),
(1323, 1011, '2024-04-01', '2024-04-30', 11500.000, 13200.000, 1700.000, 27200.00, '2024-05-15', 'Paid', 0.00, '2024-05-01'),
(1324, 1011, '2024-05-01', '2024-05-31', 13200.000, 15400.000, 2200.000, 35200.00, '2024-06-15', 'Unpaid', 0.00, '2024-06-01'),
(1325, 1013, '2024-03-01', '2024-03-31', 14000.000, 18000.000, 4000.000, 64000.00, '2024-04-15', 'Paid', 0.00, '2024-04-01'),
(1326, 1013, '2024-04-01', '2024-04-30', 18000.000, 22000.000, 4000.000, 64000.00, '2024-05-15', 'Paid', 0.00, '2024-05-01'),
(1327, 1013, '2024-05-01', '2024-05-31', 22000.000, 27500.000, 5500.000, 88000.00, '2024-06-15', 'Paid', 0.00, '2024-06-01'),
(1328, 1014, '2024-04-01', '2024-04-30', 200.000, 310.000, 110.000, 770.00, '2024-05-15', 'Paid', 0.00, '2024-05-01'),
(1329, 1014, '2024-05-01', '2024-05-31', 310.000, 430.000, 120.000, 840.00, '2024-06-15', 'Paid', 0.00, '2024-06-01'),
(1330, 1015, '2024-04-01', '2024-04-30', 500.000, 620.000, 120.000, 1080.00, '2024-05-15', 'Paid', 0.00, '2024-05-01'),
(1331, 1015, '2024-05-01', '2024-05-31', 620.000, 760.000, 140.000, 1260.00, '2024-06-15', 'Overdue', 90.00, '2024-06-01'),
(1332, 1017, '2024-04-01', '2024-04-30', 850.000, 970.000, 120.000, 840.00, '2024-05-15', 'Paid', 0.00, '2024-05-01'),
(1333, 1017, '2024-05-01', '2024-05-31', 970.000, 1110.000, 140.000, 980.00, '2024-06-15', 'Unpaid', 0.00, '2024-06-01'),
(1334, 1020, '2024-04-01', '2024-04-30', 180.000, 230.000, 50.000, 350.00, '2024-05-15', 'Paid', 0.00, '2024-05-01'),
(1335, 1020, '2024-05-01', '2024-05-31', 230.000, 290.000, 60.000, 420.00, '2024-06-15', 'Paid', 0.00, '2024-06-01');

INSERT INTO PaymentTransaction (payment_id, bill_id, payment_date, payment_amount, payment_mode, transaction_reference, payment_status) VALUES
(1401, 1301, '2024-03-10', 490.00, 'UPI', 'UPI-TXN-20240310-0011001', 'Success'),
(1402, 1302, '2024-04-08', 493.50, 'Net Banking', 'NB-TXN-20240408-0022002', 'Success'),
(1403, 1303, '2024-05-07', 486.50, 'UPI', 'UPI-TXN-20240507-0033003', 'Success'),
(1404, 1305, '2024-03-12', 540.00, 'UPI', 'UPI-TXN-20240312-0044004', 'Success'),
(1405, 1306, '2024-04-11', 544.50, 'Cash', 'CASH-TXN-20240411-0055005', 'Success'),
(1406, 1307, '2024-05-09', 355.50, 'Cheque', 'CHQ-TXN-20240509-0066006', 'Success'),
(1407, 1308, '2024-06-10', 489.80, 'UPI', 'UPI-TXN-20240610-0077007', 'Success'),
(1408, 1309, '2024-04-13', 350.00, 'Net Banking', 'NB-TXN-20240413-0088008', 'Success'),
(1409, 1310, '2024-06-20', 385.00, 'Cash', 'CASH-TXN-20240620-0099009', 'Success'),
(1410, 1312, '2024-04-10', 1350.00, 'Net Banking', 'NB-TXN-20240410-0101010', 'Success'),
(1411, 1313, '2024-05-12', 1350.00, 'UPI', 'UPI-TXN-20240512-0112011', 'Success'),
(1412, 1315, '2024-04-12', 17600.00, 'Net Banking', 'NB-TXN-20240412-0123012', 'Success'),
(1413, 1316, '2024-05-14', 14400.00, 'Cheque', 'CHQ-TXN-20240514-0134013', 'Success'),
(1414, 1317, '2024-06-12', 13124.80, 'Net Banking', 'NB-TXN-20240612-0145014', 'Success'),
(1415, 1318, '2024-05-10', 1440.00, 'UPI', 'UPI-TXN-20240510-0156015', 'Success'),
(1416, 1320, '2024-05-13', 6600.00, 'Cheque', 'CHQ-TXN-20240513-0167016', 'Success'),
(1417, 1321, '2024-06-11', 7700.00, 'Net Banking', 'NB-TXN-20240611-0178017', 'Success'),
(1418, 1322, '2024-04-14', 24000.00, 'RTGS', 'RTGS-TXN-20240414-0189018', 'Success'),
(1419, 1323, '2024-05-15', 27200.00, 'RTGS', 'RTGS-TXN-20240515-0190019', 'Success'),
(1420, 1325, '2024-04-14', 64000.00, 'RTGS', 'RTGS-TXN-20240414-0201020', 'Success'),
(1421, 1326, '2024-05-13', 64000.00, 'RTGS', 'RTGS-TXN-20240513-0212021', 'Success'),
(1422, 1327, '2024-06-13', 88000.00, 'RTGS', 'RTGS-TXN-20240613-0223022', 'Success'),
(1423, 1328, '2024-05-11', 770.00, 'UPI', 'UPI-TXN-20240511-0234023', 'Success'),
(1424, 1329, '2024-06-09', 840.00, 'UPI', 'UPI-TXN-20240609-0245024', 'Success'),
(1425, 1330, '2024-05-12', 1080.00, 'Net Banking', 'NB-TXN-20240512-0256025', 'Success'),
(1426, 1332, '2024-05-10', 840.00, 'Cash', 'CASH-TXN-20240510-0267026', 'Success'),
(1427, 1334, '2024-05-14', 350.00, 'UPI', 'UPI-TXN-20240514-0278027', 'Success'),
(1428, 1335, '2024-06-14', 420.00, 'UPI', 'UPI-TXN-20240614-0289028', 'Success');

INSERT INTO Complaint (complaint_id, aadhaar_number, property_id, complaint_category, complaint_description, complaint_date, priority_level, status, assigned_department_id) VALUES
(1501, '234567890123', 801, 'Water Supply', 'No water supply for past 3 days in Sector 7', '2024-05-15', 'High', 'Resolved', 1),
(1502, '345678901234', 802, 'Street Light', 'Street lights in front of Sector 12 are non-functional', '2024-05-18', 'Medium', 'In Progress', 3),
(1503, '456789012345', 803, 'Road Damage', 'Large pothole near Sector 3 entry gate causing accidents', '2024-05-22', 'High', 'In Progress', 2),
(1504, '567890123456', 804, 'Garbage Collection', 'Garbage not collected for over a week in Sector 21', '2024-06-01', 'Medium', 'Open', 4),
(1505, '678901234567', 805, 'Illegal Construction', 'Unauthorized construction observed in adjacent plot Sector 28', '2024-06-05', 'Low', 'Open', 5),
(1506, '789012345678', 806, 'Water Supply', 'Water pressure very low in Sector 5 since two weeks', '2024-06-08', 'High', 'Resolved', 1),
(1507, '890123456789', 807, 'Electricity', 'Frequent power cuts lasting 4-5 hours in Sector 14', '2024-06-10', 'High', 'In Progress', 3),
(1508, '901234567890', 808, 'Road Damage', 'Broken road divider causing risk to vehicles near Sector 9', '2024-06-12', 'Medium', 'Resolved', 2),
(1509, '112345678901', 809, 'Garbage Collection', 'Overflowing dustbin near Sector 11 main road for 5 days', '2024-06-14', 'Medium', 'Resolved', 4),
(1510, '223456789012', 810, 'Street Light', 'Street light pole damaged by storm in Sector 22', '2024-06-16', 'Low', 'Open', 3),
(1511, '334567890123', 811, 'Water Supply', 'Contaminated water in Sector 19 supply line', '2024-06-18', 'High', 'In Progress', 1),
(1512, '445678901234', 812, 'Road Damage', 'Waterlogging on road after rain in Sector 8', '2024-06-20', 'Medium', 'In Progress', 2),
(1513, '234567890123', 801, 'Electricity', 'Electric pole sparking near Sector 7 pumping station area', '2024-07-01', 'High', 'Resolved', 3),
(1514, '556789012345', 813, 'Garbage Collection', 'Construction debris dumped illegally on street in Sector 22', '2024-07-05', 'Low', 'Open', 4),
(1515, '667890123456', 814, 'Road Damage', 'Road cave-in near Sector 14 overhead tank due to pipe burst', '2024-07-08', 'High', 'In Progress', 2);

INSERT INTO WorkOrder (work_order_id, complaint_id, assigned_officer_id, contractor_id, issue_date, expected_completion_date, actual_completion_date, work_status, cost_incurred) VALUES
(1601, 1501, 101, 203, '2024-05-16', '2024-05-20', '2024-05-19', 'Completed', 18500.00),
(1602, 1502, 103, 202, '2024-05-19', '2024-05-25', NULL, 'In Progress', 12000.00),
(1603, 1503, 102, 201, '2024-05-23', '2024-06-05', NULL, 'In Progress', 95000.00),
(1604, 1504, 104, 204, '2024-06-02', '2024-06-07', NULL, 'Assigned', 0.00),
(1605, 1505, 105, NULL, '2024-06-06', '2024-06-20', NULL, 'Under Review', 0.00),
(1606, 1506, 101, 203, '2024-06-09', '2024-06-13', '2024-06-12', 'Completed', 9800.00),
(1607, 1507, 103, 208, '2024-06-11', '2024-06-18', NULL, 'In Progress', 31000.00),
(1608, 1508, 102, 207, '2024-06-13', '2024-06-20', '2024-06-19', 'Completed', 22000.00),
(1609, 1509, 104, 204, '2024-06-15', '2024-06-18', '2024-06-17', 'Completed', 4500.00),
(1610, 1510, 103, 202, '2024-06-17', '2024-06-24', NULL, 'Assigned', 0.00),
(1611, 1511, 111, 203, '2024-06-19', '2024-06-25', NULL, 'In Progress', 42000.00),
(1612, 1512, 112, 209, '2024-06-21', '2024-06-28', NULL, 'In Progress', 17500.00),
(1613, 1513, 103, 208, '2024-07-02', '2024-07-06', '2024-07-05', 'Completed', 8200.00),
(1614, 1514, 104, NULL, '2024-07-06', '2024-07-12', NULL, 'Assigned', 0.00),
(1615, 1515, 102, 201, '2024-07-09', '2024-07-20', NULL, 'In Progress', 110000.00);

INSERT INTO officer_work (officer_id, work_order_id) VALUES
(101, 1601),
(103, 1602),
(102, 1603),
(104, 1604),
(105, 1605),
(101, 1606),
(103, 1607),
(102, 1608),
(104, 1609),
(103, 1610),
(111, 1611),
(112, 1612),
(103, 1613),
(104, 1614),
(102, 1615),